"ID","Description","GeneRatio","BgRatio","RichFactor","FoldEnrichment","zScore","pvalue","p.adjust","qvalue","geneID","Count"
"GO:0005975","carbohydrate metabolic process","91/784","281/6449",0.323843416370107,2.66385993899339,10.6088505487167,4.4237362874586e-20,6.84352003669845e-17,5.85330159298469e-17,"YAL038W/YBR126C/YBR196C/YBR239C/YBR297W/YBR299W/YCL018W/YCL040W/YCR012W/YDL021W/YDL022W/YDL049C/YDL055C/YDL085W/YDR074W/YEL070W/YER003C/YER062C/YER065C/YFL045C/YFL053W/YFR015C/YFR042W/YFR053C/YGL062W/YGR043C/YGR087C/YGR143W/YGR189C/YGR248W/YGR256W/YGR287C/YHL032C/YHR043C/YHR174W/YHR210C/YIL024C/YIL045W/YIL053W/YIL099W/YIL123W/YIL155C/YIL162W/YJL034W/YJL052W/YJL200C/YJR009C/YJR096W/YKL035W/YKL038W/YKL060C/YKL152C/YKR058W/YKR097W/YLR044C/YLR134W/YLR174W/YLR286C/YLR300W/YLR377C/YLR446W/YML051W/YML070W/YMR145C/YMR170C/YMR205C/YMR215W/YMR278W/YMR305C/YMR323W/YNL241C/YNR001C/YNR034W/YNR067C/YNR071C/YNR073C/YOL059W/YOL086C/YOL126C/YOR047C/YOR095C/YOR344C/YOR347C/YOR393W/YPL061W/YPL075W/YPL201C/YPL227C/YPR001W/YPR026W/YPR184W",91
"GO:0006091","generation of precursor metabolites and energy","75/784","233/6449",0.321888412017167,2.64777853201366,9.52997774912491,1.65816744649544e-16,1.28259251986422e-13,1.09700867381303e-13,"Q0060/YAL038W/YBL021C/YBR117C/YBR196C/YBR238C/YCL040W/YCR012W/YDL021W/YDL067C/YDL085W/YDR529C/YER065C/YFL053W/YFR015C/YFR049W/YFR053C/YGL062W/YGR043C/YGR087C/YGR248W/YGR256W/YHR174W/YIL024C/YIL045W/YIL070C/YIL099W/YIL111W/YJL052W/YJL116C/YJL200C/YJR009C/YJR048W/YJR120W/YJR121W/YKL035W/YKL060C/YKL152C/YKR058W/YLR038C/YLR044C/YLR134W/YLR164W/YLR174W/YLR377C/YLR395C/YLR446W/YML070W/YMR002W/YMR118C/YMR145C/YMR170C/YMR205C/YMR256C/YMR315W/YMR323W/YNL037C/YNL052W/YNL241C/YNR001C/YNR034W/YOL086C/YOL126C/YOR095C/YOR344C/YOR347C/YOR356W/YOR393W/YPL061W/YPL075W/YPL252C/YPL262W/YPL271W/YPR001W/YPR184W",75
"GO:0046034","ATP metabolic process","31/784","54/6449",0.574074074074074,4.72219860166289,10.2175491566079,1.69928652577025e-15,8.76265418455526e-13,7.49474793997616e-13,"YAL038W/YBR196C/YCL040W/YCR012W/YDL004W/YDL021W/YDR226W/YDR322C-A/YFR053C/YHR174W/YJL052W/YJL116C/YJR009C/YJR121W/YKL016C/YKL060C/YKL152C/YLR295C/YLR377C/YLR446W/YML081C-A/YMR205C/YMR323W/YOL077W-A/YOR344C/YOR347C/YOR393W/YPL075W/YPL078C/YPL271W/YPR020W",31
"GO:0055085","transmembrane transport","118/784","486/6449",0.242798353909465,1.99720227597212,8.50431973016555,8.74623667723524e-15,3.38260703492073e-12,2.89316302718018e-12,"Q0060/YAL067C/YAR035W/YBR043C/YBR068C/YBR069C/YBR091C/YBR235W/YBR294W/YCL025C/YCL040W/YCR011C/YCR098C/YDL004W/YDL022W/YDL067C/YDL138W/YDL210W/YDL245C/YDR046C/YDR135C/YDR277C/YDR322C-A/YDR338C/YDR342C/YDR343C/YDR345C/YDR406W/YDR508C/YDR529C/YDR536W/YEL063C/YEL069C/YER053C/YER103W/YER119C/YER145C/YFR053C/YGL008C/YGL080W/YGL114W/YGR055W/YGR121C/YGR125W/YGR191W/YGR224W/YGR243W/YGR260W/YHL028W/YHL036W/YHR092C/YHR094C/YHR096C/YHR160C/YIL111W/YIR028W/YJL034W/YJL104W/YJL163C/YJL193W/YJL212C/YJL214W/YJR077C/YJR095W/YJR121W/YKL016C/YKL073W/YKL197C/YKL217W/YKR093W/YLR004C/YLR008C/YLR038C/YLR136C/YLR152C/YLR237W/YLR259C/YLR295C/YLR378C/YLR395C/YML038C/YML055W/YML081C-A/YML123C/YMR088C/YMR203W/YMR205C/YMR241W/YMR256C/YMR279C/YMR319C/YNL052W/YNL065W/YNL070W/YNL142W/YNR072W/YOL075C/YOL077W-A/YOL126C/YOL130W/YOR020C/YOR045W/YOR092W/YOR153W/YOR161C/YOR232W/YOR273C/YOR306C/YOR348C/YPL006W/YPL078C/YPL092W/YPL244C/YPL265W/YPL271W/YPR020W/YPR115W/YPR124W",118
"GO:0072521","purine-containing compound metabolic process","63/784","192/6449",0.328125,2.69907924107143,8.89102352424287,1.84902478189418e-14,4.87530703139296e-12,4.16987782020274e-12,"YAL038W/YBR117C/YBR196C/YCL040W/YCR012W/YDL004W/YDL021W/YDL238C/YDR226W/YDR322C-A/YFR053C/YGL126W/YGR043C/YGR248W/YGR256W/YHR174W/YHR202W/YIL155C/YIR027C/YIR028W/YJL005W/YJL052W/YJL116C/YJR009C/YJR010W/YJR078W/YJR121W/YKL001C/YKL016C/YKL060C/YKL152C/YKR080W/YLR174W/YLR231C/YLR295C/YLR377C/YLR446W/YML022W/YML075C/YML081C-A/YMR169C/YMR170C/YMR205C/YMR207C/YMR278W/YMR315W/YMR323W/YNL129W/YNL141W/YNL241C/YNR001C/YNR034W/YOL077W-A/YOR095C/YOR317W/YOR344C/YOR347C/YOR393W/YPL061W/YPL075W/YPL078C/YPL271W/YPR020W",63
"GO:0043436","oxoacid metabolic process","100/784","387/6449",0.258397932816537,2.12552075093603,8.49516095116221,1.92046231492149e-14,4.87530703139296e-12,4.16987782020274e-12,"YAL012W/YAL038W/YAR035W/YBL015W/YBR084W/YBR196C/YCL018W/YCL026C-A/YCL040W/YCL064C/YCR012W/YCR034W/YCR084C/YDL021W/YDL168W/YDL219W/YDR089W/YDR354W/YDR380W/YEL020C/YEL071W/YER010C/YER052C/YER065C/YFR049W/YFR053C/YGL055W/YGL062W/YGL148W/YGL205W/YGR019W/YGR087C/YGR124W/YGR256W/YHR067W/YHR174W/YHR205W/YIL074C/YIL160C/YIR017C/YJL052W/YJL097W/YJL200C/YJR009C/YJR010W/YJR078W/YJR148W/YKL001C/YKL060C/YKL152C/YKR009C/YKR034W/YKR080W/YLL062C/YLR027C/YLR044C/YLR058C/YLR134W/YLR142W/YLR174W/YLR231C/YLR303W/YLR372W/YLR377C/YLR438W/YLR446W/YML054C/YML123C/YMR009W/YMR169C/YMR170C/YMR205C/YMR207C/YMR250W/YMR272C/YMR323W/YNL037C/YNL217W/YNR001C/YOL002C/YOL058W/YOL086C/YOL126C/YOR317W/YOR344C/YOR347C/YOR375C/YOR391C/YOR393W/YPL017C/YPL061W/YPL075W/YPL095C/YPL111W/YPL262W/YPR001W/YPR002W/YPR006C/YPR035W/YPR167C",100
"GO:0006163","purine nucleotide metabolic process","51/784","137/6449",0.372262773722628,3.0621462088485,9.0754220558187,2.20602128117329e-14,4.87530703139296e-12,4.16987782020274e-12,"YAL038W/YBR117C/YBR196C/YCL040W/YCR012W/YDL004W/YDL021W/YDR226W/YDR322C-A/YFR053C/YGR043C/YGR248W/YGR256W/YHR174W/YHR202W/YIL155C/YJL005W/YJL052W/YJL116C/YJR009C/YJR010W/YJR078W/YJR121W/YKL001C/YKL016C/YKL060C/YKL152C/YKR080W/YLR174W/YLR231C/YLR295C/YLR377C/YLR446W/YML022W/YML081C-A/YMR205C/YMR315W/YMR323W/YNL129W/YNL241C/YNR034W/YOL077W-A/YOR095C/YOR344C/YOR347C/YOR393W/YPL061W/YPL075W/YPL078C/YPL271W/YPR020W",51
"GO:0006082","organic acid metabolic process","100/784","389/6449",0.25706940874036,2.11459262368186,8.4357799365127,2.7520955506662e-14,5.32186477110077e-12,4.55182119366766e-12,"YAL012W/YAL038W/YAR035W/YBL015W/YBR084W/YBR196C/YCL018W/YCL026C-A/YCL040W/YCL064C/YCR012W/YCR034W/YCR084C/YDL021W/YDL168W/YDL219W/YDR089W/YDR354W/YDR380W/YEL020C/YEL071W/YER010C/YER052C/YER065C/YFR049W/YFR053C/YGL055W/YGL062W/YGL148W/YGL205W/YGR019W/YGR087C/YGR124W/YGR256W/YHR067W/YHR174W/YHR205W/YIL074C/YIL160C/YIR017C/YJL052W/YJL097W/YJL200C/YJR009C/YJR010W/YJR078W/YJR148W/YKL001C/YKL060C/YKL152C/YKR009C/YKR034W/YKR080W/YLL062C/YLR027C/YLR044C/YLR058C/YLR134W/YLR142W/YLR174W/YLR231C/YLR303W/YLR372W/YLR377C/YLR438W/YLR446W/YML054C/YML123C/YMR009W/YMR169C/YMR170C/YMR205C/YMR207C/YMR250W/YMR272C/YMR323W/YNL037C/YNL217W/YNR001C/YOL002C/YOL058W/YOL086C/YOL126C/YOR317W/YOR344C/YOR347C/YOR375C/YOR391C/YOR393W/YPL017C/YPL061W/YPL075W/YPL095C/YPL111W/YPL262W/YPR001W/YPR002W/YPR006C/YPR035W/YPR167C",100
"GO:0019752","carboxylic acid metabolic process","96/784","369/6449",0.260162601626016,2.14003650240584,8.38978321481953,4.33542481719792e-14,7.32375161781424e-12,6.26404639444255e-12,"YAL012W/YAL038W/YAR035W/YBL015W/YBR084W/YBR196C/YCL018W/YCL026C-A/YCL040W/YCL064C/YCR012W/YCR034W/YCR084C/YDL021W/YDL168W/YDL219W/YDR354W/YDR380W/YEL020C/YEL071W/YER010C/YER052C/YER065C/YFR049W/YFR053C/YGL055W/YGL062W/YGL148W/YGL205W/YGR019W/YGR087C/YGR124W/YGR256W/YHR067W/YHR174W/YHR205W/YIL074C/YIL160C/YIR017C/YJL052W/YJL097W/YJL200C/YJR009C/YJR010W/YJR078W/YJR148W/YKL001C/YKL060C/YKL152C/YKR009C/YKR080W/YLL062C/YLR027C/YLR044C/YLR058C/YLR134W/YLR142W/YLR174W/YLR231C/YLR303W/YLR372W/YLR377C/YLR438W/YLR446W/YML054C/YMR009W/YMR169C/YMR170C/YMR205C/YMR207C/YMR250W/YMR272C/YMR323W/YNL037C/YNR001C/YOL002C/YOL058W/YOL086C/YOL126C/YOR317W/YOR344C/YOR347C/YOR375C/YOR391C/YOR393W/YPL017C/YPL061W/YPL075W/YPL095C/YPL111W/YPL262W/YPR001W/YPR002W/YPR006C/YPR035W/YPR167C",96
"GO:0009205","purine ribonucleoside triphosphate metabolic process","31/784","59/6449",0.525423728813559,4.32201227948807,9.53558625223458,4.73416394170281e-14,7.32375161781424e-12,6.26404639444255e-12,"YAL038W/YBR196C/YCL040W/YCR012W/YDL004W/YDL021W/YDR226W/YDR322C-A/YFR053C/YHR174W/YJL052W/YJL116C/YJR009C/YJR121W/YKL016C/YKL060C/YKL152C/YLR295C/YLR377C/YLR446W/YML081C-A/YMR205C/YMR323W/YOL077W-A/YOR344C/YOR347C/YOR393W/YPL075W/YPL078C/YPL271W/YPR020W",31
"GO:0009144","purine nucleoside triphosphate metabolic process","31/784","61/6449",0.508196721311475,4.18030695884911,9.28372124853771,1.56449392738584e-13,2.20024736878717e-11,1.88188408298947e-11,"YAL038W/YBR196C/YCL040W/YCR012W/YDL004W/YDL021W/YDR226W/YDR322C-A/YFR053C/YHR174W/YJL052W/YJL116C/YJR009C/YJR121W/YKL016C/YKL060C/YKL152C/YLR295C/YLR377C/YLR446W/YML081C-A/YMR205C/YMR323W/YOL077W-A/YOR344C/YOR347C/YOR393W/YPL075W/YPL078C/YPL271W/YPR020W",31
"GO:0015980","energy derivation by oxidation of organic compounds","66/784","218/6449",0.302752293577982,2.49036931286276,8.32748500885421,3.27418562622838e-13,4.22097096981275e-11,3.61022046681497e-11,"Q0060/YAL038W/YBL021C/YBR196C/YBR238C/YCL040W/YCR012W/YDL021W/YDL067C/YDL085W/YDR529C/YER065C/YFL053W/YFR015C/YFR049W/YFR053C/YGL062W/YGR087C/YHR174W/YIL024C/YIL045W/YIL070C/YIL099W/YIL111W/YJL052W/YJL116C/YJL200C/YJR009C/YJR048W/YJR120W/YJR121W/YKL035W/YKL060C/YKL152C/YKR058W/YLR038C/YLR044C/YLR134W/YLR164W/YLR174W/YLR377C/YLR395C/YLR446W/YML070W/YMR002W/YMR118C/YMR145C/YMR170C/YMR205C/YMR256C/YMR323W/YNL037C/YNL052W/YNR001C/YOL086C/YOL126C/YOR344C/YOR347C/YOR356W/YOR393W/YPL061W/YPL075W/YPL262W/YPL271W/YPR001W/YPR184W",66
"GO:0032787","monocarboxylic acid metabolic process","59/784","185/6449",0.318918918918919,2.62335217870932,8.33380485051689,5.30261531533141e-13,6.31011222524438e-11,5.39707485941019e-11,"YAL038W/YAR035W/YBL015W/YBR196C/YCL018W/YCL026C-A/YCL040W/YCR012W/YCR034W/YCR084C/YDL021W/YEL020C/YEL071W/YER010C/YER065C/YFR053C/YGL055W/YGL205W/YGR019W/YGR087C/YGR256W/YHR067W/YHR174W/YIL160C/YJL052W/YJL097W/YJL200C/YJR009C/YKL060C/YKL152C/YKR009C/YLR044C/YLR134W/YLR174W/YLR231C/YLR372W/YLR377C/YLR446W/YML054C/YMR169C/YMR170C/YMR205C/YMR207C/YMR272C/YMR323W/YOL002C/YOL086C/YOL126C/YOR317W/YOR344C/YOR347C/YOR391C/YOR393W/YPL061W/YPL075W/YPL095C/YPR001W/YPR002W/YPR006C",59
"GO:0016052","carbohydrate catabolic process","44/784","116/6449",0.379310344827586,3.1201178747361,8.57146086944145,6.62917353073207e-13,7.32523675145894e-11,6.26531663769189e-11,"YAL038W/YBR196C/YBR299W/YCL040W/YCR012W/YDL021W/YER003C/YFL053W/YFR053C/YGR087C/YGR287C/YHL032C/YHR174W/YHR210C/YIL024C/YIL099W/YIL123W/YIL155C/YIL162W/YJL052W/YJR009C/YJR096W/YKL060C/YKL152C/YLR044C/YLR134W/YLR286C/YLR300W/YLR377C/YLR446W/YML070W/YMR170C/YMR205C/YMR323W/YNR067C/YNR071C/YOL086C/YOR344C/YOR347C/YOR393W/YPL061W/YPL075W/YPR026W/YPR184W",44
"GO:0009141","nucleoside triphosphate metabolic process","33/784","72/6449",0.458333333333333,3.77014243197279,8.79287153391572,1.07926998028288e-12,1.07056953930406e-10,9.15664213183546e-11,"YAL038W/YBR196C/YCL040W/YCR012W/YDL004W/YDL021W/YDR226W/YDR322C-A/YER005W/YFR053C/YHR174W/YJL052W/YJL116C/YJR009C/YJR121W/YKL016C/YKL060C/YKL152C/YLR295C/YLR377C/YLR446W/YML081C-A/YMR205C/YMR323W/YNR012W/YOL077W-A/YOR344C/YOR347C/YOR393W/YPL075W/YPL078C/YPL271W/YPR020W",33
"GO:0072523","purine-containing compound catabolic process","26/784","47/6449",0.553191489361702,4.5504233608337,9.08744562253983,1.10724709947414e-12,1.07056953930406e-10,9.15664213183546e-11,"YAL038W/YBR196C/YCL040W/YCR012W/YDL021W/YDL238C/YFR053C/YGL126W/YHR174W/YHR202W/YIR027C/YJL052W/YJR009C/YKL060C/YKL152C/YLR377C/YLR446W/YMR205C/YMR278W/YMR323W/YNL141W/YNR001C/YOR344C/YOR347C/YOR393W/YPL075W",26
"GO:0006006","glucose metabolic process","34/784","77/6449",0.441558441558442,3.63215610919693,8.64350148043845,1.83681346524715e-12,1.61140987833715e-10,1.37824802985051e-10,"YAL038W/YBR196C/YBR239C/YCL040W/YCR012W/YDL021W/YDL085W/YFR053C/YGL062W/YGR087C/YHR043C/YHR174W/YHR210C/YJL052W/YJR009C/YKL038W/YKL060C/YKL152C/YKR097W/YLR044C/YLR134W/YLR377C/YLR446W/YMR145C/YMR170C/YMR205C/YMR278W/YNL241C/YNR071C/YOL086C/YOL126C/YOR047C/YOR347C/YPL061W",34
"GO:0046496","nicotinamide nucleotide metabolic process","35/784","81/6449",0.432098765432099,3.5543430335097,8.60579092446369,1.87494362056036e-12,1.61140987833715e-10,1.37824802985051e-10,"YAL038W/YBR117C/YBR196C/YCL040W/YCR012W/YDL021W/YFR053C/YGR043C/YGR248W/YGR256W/YHR174W/YHR202W/YIL155C/YJL052W/YJR009C/YJR078W/YKL060C/YKL152C/YLR174W/YLR231C/YLR377C/YLR446W/YMR205C/YMR315W/YMR323W/YNL129W/YNL200C/YNL241C/YNR034W/YOR095C/YOR344C/YOR347C/YOR393W/YPL061W/YPL075W",35
"GO:0055086","nucleobase-containing small molecule metabolic process","74/784","268/6449",0.276119402985075,2.27129340542187,7.90777689746266,1.98316166087358e-12,1.61471109966917e-10,1.38107158322332e-10,"YAL038W/YBR117C/YBR196C/YCL040W/YCR012W/YDL004W/YDL021W/YDL055C/YDL166C/YDL238C/YDR226W/YDR322C-A/YER003C/YER005W/YER037W/YFL045C/YFR053C/YGL126W/YGR043C/YGR248W/YGR256W/YHR174W/YHR202W/YIL155C/YIR027C/YIR028W/YJL005W/YJL052W/YJL116C/YJR009C/YJR010W/YJR078W/YJR121W/YKL001C/YKL016C/YKL035W/YKL060C/YKL152C/YKR080W/YLR174W/YLR231C/YLR295C/YLR377C/YLR446W/YML022W/YML075C/YML081C-A/YMR169C/YMR170C/YMR205C/YMR207C/YMR271C/YMR278W/YMR315W/YMR323W/YNL129W/YNL141W/YNL200C/YNL241C/YNR001C/YNR012W/YNR034W/YOL077W-A/YOR047C/YOR095C/YOR317W/YOR344C/YOR347C/YOR393W/YPL061W/YPL075W/YPL078C/YPL271W/YPR020W",74
"GO:0044282","small molecule catabolic process","56/784","177/6449",0.31638418079096,2.60250201775626,8.04179100139947,3.07222240416369e-12,2.37636402962061e-10,2.03251766422829e-10,"YAL012W/YAL038W/YAL060W/YBR196C/YBR208C/YCL040W/YCL064C/YCR012W/YDL021W/YDL168W/YDL219W/YDR380W/YEL020C/YER003C/YER010C/YFL053W/YFR053C/YGL205W/YGR019W/YGR087C/YHL032C/YHR174W/YHR210C/YIL155C/YIL160C/YJL052W/YJL097W/YJR009C/YJR078W/YJR096W/YJR148W/YKL060C/YKL152C/YKR009C/YLR027C/YLR044C/YLR134W/YLR142W/YLR231C/YLR377C/YLR438W/YML070W/YMR170C/YMR205C/YMR250W/YMR278W/YNR071C/YOL055C/YOL086C/YOR347C/YOR391C/YPL061W/YPL095C/YPL111W/YPR001W/YPR006C",56
"GO:0019662","non-glycolytic fermentation","20/784","30/6449",0.666666666666667,5.48384353741497,9.15688959159293,3.62797803430675e-12,2.67261048527264e-10,2.28589894191658e-10,"YAL038W/YBR196C/YCL040W/YCR012W/YFL053W/YFR053C/YGR087C/YHR174W/YJL052W/YJR009C/YKL060C/YKL152C/YLR044C/YLR134W/YLR377C/YML070W/YMR170C/YOL086C/YOR347C/YPL061W",20
"GO:0009150","purine ribonucleotide metabolic process","35/784","83/6449",0.421686746987952,3.46869621342513,8.42061804835259,4.44317097977481e-12,3.12435704805074e-10,2.67228034525212e-10,"YAL038W/YBR196C/YCL040W/YCR012W/YDL004W/YDL021W/YDR226W/YDR322C-A/YFR053C/YHR174W/YJL005W/YJL052W/YJL116C/YJR009C/YJR010W/YJR121W/YKL001C/YKL016C/YKL060C/YKL152C/YLR295C/YLR377C/YLR446W/YML022W/YML081C-A/YMR205C/YMR323W/YOL077W-A/YOR344C/YOR347C/YOR393W/YPL075W/YPL078C/YPL271W/YPR020W",35
"GO:0009117","nucleotide metabolic process","58/784","189/6449",0.306878306878307,2.52430892992117,7.91201893615505,5.15968599028275e-12,3.47044966389887e-10,2.96829532713291e-10,"YAL038W/YBR117C/YBR196C/YCL040W/YCR012W/YDL004W/YDL021W/YDL166C/YDR226W/YDR322C-A/YER005W/YER037W/YFR053C/YGR043C/YGR248W/YGR256W/YHR174W/YHR202W/YIL155C/YJL005W/YJL052W/YJL116C/YJR009C/YJR010W/YJR078W/YJR121W/YKL001C/YKL016C/YKL060C/YKL152C/YKR080W/YLR174W/YLR231C/YLR295C/YLR377C/YLR446W/YML022W/YML081C-A/YMR205C/YMR271C/YMR315W/YMR323W/YNL129W/YNL141W/YNL200C/YNL241C/YNR012W/YNR034W/YOL077W-A/YOR095C/YOR344C/YOR347C/YOR393W/YPL061W/YPL075W/YPL078C/YPL271W/YPR020W",58
"GO:0006113","fermentation","22/784","37/6449",0.594594594594595,4.89099558742416,8.82948620019779,8.71954508680723e-12,5.6204734372045e-10,4.80722288338451e-10,"YAL038W/YBR196C/YCL040W/YCR012W/YDL085W/YFL053W/YFR053C/YGR087C/YHR174W/YJL052W/YJR009C/YKL060C/YKL152C/YLR044C/YLR134W/YLR377C/YML070W/YMR145C/YMR170C/YOL086C/YOR347C/YPL061W",22
"GO:0019318","hexose metabolic process","38/784","98/6449",0.387755102040816,3.18958246563932,8.12500948551734,1.17348036839555e-11,7.26149651963168e-10,6.2107992550451e-10,"YAL038W/YBR196C/YBR239C/YCL040W/YCR012W/YDL021W/YDL055C/YDL085W/YER003C/YFL045C/YFR053C/YGL062W/YGR087C/YHR043C/YHR174W/YHR210C/YJL052W/YJR009C/YKL038W/YKL060C/YKL152C/YKR097W/YLR044C/YLR134W/YLR377C/YLR446W/YML051W/YMR145C/YMR170C/YMR205C/YMR278W/YNL241C/YNR071C/YOL086C/YOL126C/YOR047C/YOR347C/YPL061W",38
"GO:0005996","monosaccharide metabolic process","40/784","107/6449",0.373831775700935,3.0750524508869,8.05153040769306,1.30557961751046e-11,7.76819872418723e-10,6.64418453121719e-10,"YAL038W/YBR196C/YBR239C/YCL040W/YCR012W/YDL021W/YDL055C/YDL085W/YER003C/YFL045C/YFR053C/YGL062W/YGR087C/YHR043C/YHR174W/YHR210C/YJL052W/YJR009C/YJR096W/YKL038W/YKL060C/YKL152C/YKR097W/YLR044C/YLR134W/YLR377C/YLR446W/YML051W/YMR145C/YMR170C/YMR205C/YMR278W/YNL241C/YNR071C/YOL086C/YOL126C/YOR047C/YOR095C/YOR347C/YPL061W",40
"GO:0072524","pyridine-containing compound metabolic process","37/784","95/6449",0.389473684210526,3.20371911922664,8.04942810238683,1.88556698051551e-11,1.08036004402129e-09,9.24038087527483e-10,"YAL038W/YBR117C/YBR196C/YCL040W/YCR012W/YDL021W/YFR053C/YGR043C/YGR248W/YGR256W/YHR174W/YHR202W/YIL155C/YJL052W/YJR009C/YJR078W/YKL060C/YKL152C/YLR174W/YLR231C/YLR377C/YLR446W/YMR205C/YMR315W/YMR323W/YNL129W/YNL200C/YNL241C/YNL334C/YNR034W/YOR047C/YOR095C/YOR344C/YOR347C/YOR393W/YPL061W/YPL075W",37
"GO:0006007","glucose catabolic process","20/784","32/6449",0.625,5.14110331632653,8.73565801779934,2.14516329378395e-11,1.18520271981563e-09,1.01371062416783e-09,"YAL038W/YBR196C/YCL040W/YCR012W/YDL021W/YFR053C/YGR087C/YHR174W/YJL052W/YJR009C/YKL060C/YKL152C/YLR044C/YLR134W/YLR377C/YMR170C/YMR205C/YOL086C/YOR347C/YPL061W",20
"GO:0009259","ribonucleotide metabolic process","38/784","100/6449",0.38,3.12579081632653,7.96963536609525,2.41293839706119e-11,1.28717782767368e-09,1.10093051365006e-09,"YAL038W/YBR196C/YCL040W/YCR012W/YDL004W/YDL021W/YDR226W/YDR322C-A/YER005W/YFR053C/YHR174W/YJL005W/YJL052W/YJL116C/YJR009C/YJR010W/YJR121W/YKL001C/YKL016C/YKL060C/YKL152C/YLR295C/YLR377C/YLR446W/YML022W/YML081C-A/YMR205C/YMR271C/YMR323W/YNR012W/YOL077W-A/YOR344C/YOR347C/YOR393W/YPL075W/YPL078C/YPL271W/YPR020W",38
"GO:0046434","organophosphate catabolic process","31/784","71/6449",0.436619718309859,3.5915313308422,8.16796690197226,2.54936720556609e-11,1.31462368900358e-09,1.12440511487599e-09,"YAL038W/YBR196C/YCL040W/YCR012W/YCR068W/YDL021W/YDL022W/YER005W/YER037W/YFR053C/YGL126W/YHR174W/YHR202W/YHR210C/YJL052W/YJR009C/YKL060C/YKL152C/YKR031C/YLR377C/YLR446W/YMR205C/YMR323W/YNR001C/YNR071C/YOL059W/YOR344C/YOR347C/YOR393W/YPL075W/YPL206C",31
"GO:0006753","nucleoside phosphate metabolic process","69/784","254/6449",0.271653543307087,2.23455829182067,7.46755435289688,2.65728105952942e-11,1.32606896744904e-09,1.13419432659711e-09,"YAL038W/YBR117C/YBR196C/YCL040W/YCR012W/YDL004W/YDL021W/YDL055C/YDL166C/YDR226W/YDR322C-A/YER003C/YER005W/YER037W/YFL045C/YFR053C/YGL126W/YGR043C/YGR248W/YGR256W/YHR174W/YHR202W/YIL155C/YJL005W/YJL052W/YJL116C/YJR009C/YJR010W/YJR078W/YJR121W/YKL001C/YKL016C/YKL035W/YKL060C/YKL152C/YKR080W/YLR174W/YLR231C/YLR295C/YLR377C/YLR446W/YML022W/YML075C/YML081C-A/YMR169C/YMR170C/YMR205C/YMR207C/YMR271C/YMR315W/YMR323W/YNL129W/YNL141W/YNL200C/YNL241C/YNR001C/YNR012W/YNR034W/YOL077W-A/YOR095C/YOR317W/YOR344C/YOR347C/YOR393W/YPL061W/YPL075W/YPL078C/YPL271W/YPR020W",69
"GO:0045333","cellular respiration","49/784","153/6449",0.320261437908497,2.6343954248366,7.61098878995469,4.52985864042353e-11,2.18990353647975e-09,1.87303694441197e-09,"Q0060/YAL038W/YBL021C/YBR196C/YBR238C/YCL040W/YCR012W/YDL021W/YDL067C/YDR529C/YER065C/YFR049W/YFR053C/YGL062W/YHR174W/YIL070C/YIL111W/YJL052W/YJL116C/YJL200C/YJR009C/YJR048W/YJR120W/YJR121W/YKL060C/YKL152C/YLR038C/YLR164W/YLR174W/YLR377C/YLR395C/YLR446W/YMR002W/YMR118C/YMR205C/YMR256C/YMR323W/YNL037C/YNL052W/YNR001C/YOL126C/YOR344C/YOR347C/YOR356W/YOR393W/YPL075W/YPL262W/YPL271W/YPR001W",49
"GO:0009191","ribonucleoside diphosphate catabolic process","20/784","33/6449",0.606060606060606,4.98531230674088,8.53803127396508,4.83030863617281e-11,2.26439013944223e-09,1.93674575938412e-09,"YAL038W/YBR196C/YCL040W/YCR012W/YDL021W/YER005W/YFR053C/YHR174W/YJL052W/YJR009C/YKL060C/YKL152C/YLR377C/YLR446W/YMR205C/YMR323W/YOR344C/YOR347C/YOR393W/YPL075W",20
"GO:0019320","hexose catabolic process","23/784","43/6449",0.534883720930233,4.39982795443759,8.32086143226576,5.80256238058125e-11,2.64016588316447e-09,2.25814888928503e-09,"YAL038W/YBR196C/YCL040W/YCR012W/YDL021W/YER003C/YFR053C/YGR087C/YHR174W/YHR210C/YJL052W/YJR009C/YKL060C/YKL152C/YLR044C/YLR134W/YLR377C/YMR170C/YMR205C/YNR071C/YOL086C/YOR347C/YPL061W",23
"GO:0009060","aerobic respiration","46/784","140/6449",0.328571428571429,2.70275145772595,7.57714509296288,6.80395923716955e-11,3.00734998282894e-09,2.57220353717959e-09,"Q0060/YAL038W/YBR196C/YBR238C/YCL040W/YCR012W/YDL021W/YDL067C/YDR529C/YER065C/YFR049W/YFR053C/YGL062W/YHR174W/YIL070C/YIL111W/YJL052W/YJL116C/YJL200C/YJR009C/YJR048W/YJR121W/YKL060C/YKL152C/YLR038C/YLR164W/YLR174W/YLR377C/YLR395C/YLR446W/YMR002W/YMR118C/YMR205C/YMR256C/YMR323W/YNL037C/YNL052W/YNR001C/YOL126C/YOR344C/YOR347C/YOR393W/YPL075W/YPL262W/YPL271W/YPR001W",46
"GO:0009185","ribonucleoside diphosphate metabolic process","21/784","37/6449",0.567567567567568,4.66867760617761,8.32500000807344,8.97712980334926e-11,3.85767216827258e-09,3.29948893649416e-09,"YAL038W/YBR196C/YCL040W/YCR012W/YDL021W/YDR226W/YER005W/YFR053C/YHR174W/YJL052W/YJR009C/YKL060C/YKL152C/YLR377C/YLR446W/YMR205C/YMR323W/YOR344C/YOR347C/YOR393W/YPL075W",21
"GO:0009134","nucleoside diphosphate catabolic process","20/784","34/6449",0.588235294117647,4.83868547418968,8.34822693235424,1.04059072365581e-10,4.12767653716806e-09,3.53042520819259e-09,"YAL038W/YBR196C/YCL040W/YCR012W/YDL021W/YER005W/YFR053C/YHR174W/YJL052W/YJR009C/YKL060C/YKL152C/YLR377C/YLR446W/YMR205C/YMR323W/YOR344C/YOR347C/YOR393W/YPL075W",20
"GO:0019364","pyridine nucleotide catabolic process","20/784","34/6449",0.588235294117647,4.83868547418968,8.34822693235424,1.04059072365581e-10,4.12767653716806e-09,3.53042520819259e-09,"YAL038W/YBR196C/YCL040W/YCR012W/YDL021W/YFR053C/YHR174W/YHR202W/YJL052W/YJR009C/YKL060C/YKL152C/YLR377C/YLR446W/YMR205C/YMR323W/YOR344C/YOR347C/YOR393W/YPL075W",20
"GO:0046031","ADP metabolic process","20/784","34/6449",0.588235294117647,4.83868547418968,8.34822693235424,1.04059072365581e-10,4.12767653716806e-09,3.53042520819259e-09,"YAL038W/YBR196C/YCL040W/YCR012W/YDL021W/YDR226W/YFR053C/YHR174W/YJL052W/YJR009C/YKL060C/YKL152C/YLR377C/YLR446W/YMR205C/YMR323W/YOR344C/YOR347C/YOR393W/YPL075W",20
"GO:0019658","glucose fermentation to lactate and acetate","18/784","28/6449",0.642857142857143,5.28799198250729,8.45867295957263,1.12289423988121e-10,4.23687168072251e-09,3.62382043525206e-09,"YAL038W/YBR196C/YCL040W/YCR012W/YFR053C/YGR087C/YHR174W/YJL052W/YJR009C/YKL060C/YKL152C/YLR044C/YLR134W/YLR377C/YMR170C/YOL086C/YOR347C/YPL061W",18
"GO:0019659","glucose catabolic process to lactate","18/784","28/6449",0.642857142857143,5.28799198250729,8.45867295957263,1.12289423988121e-10,4.23687168072251e-09,3.62382043525206e-09,"YAL038W/YBR196C/YCL040W/YCR012W/YFR053C/YGR087C/YHR174W/YJL052W/YJR009C/YKL060C/YKL152C/YLR044C/YLR134W/YLR377C/YMR170C/YOL086C/YOR347C/YPL061W",18
"GO:0009166","nucleotide catabolic process","22/784","41/6449",0.536585365853659,4.41382528621205,8.1572271558314,1.40899461690057e-10,5.18979683891709e-09,4.43886274046118e-09,"YAL038W/YBR196C/YCL040W/YCR012W/YDL021W/YER005W/YER037W/YFR053C/YHR174W/YHR202W/YJL052W/YJR009C/YKL060C/YKL152C/YLR377C/YLR446W/YMR205C/YMR323W/YOR344C/YOR347C/YOR393W/YPL075W",22
"GO:0009135","purine nucleoside diphosphate metabolic process","20/784","35/6449",0.571428571428571,4.70043731778426,8.16569557653893,2.15387943395606e-10,7.40455885406674e-09,6.33316128300064e-09,"YAL038W/YBR196C/YCL040W/YCR012W/YDL021W/YDR226W/YFR053C/YHR174W/YJL052W/YJR009C/YKL060C/YKL152C/YLR377C/YLR446W/YMR205C/YMR323W/YOR344C/YOR347C/YOR393W/YPL075W",20
"GO:0009179","purine ribonucleoside diphosphate metabolic process","20/784","35/6449",0.571428571428571,4.70043731778426,8.16569557653893,2.15387943395606e-10,7.40455885406674e-09,6.33316128300064e-09,"YAL038W/YBR196C/YCL040W/YCR012W/YDL021W/YDR226W/YFR053C/YHR174W/YJL052W/YJR009C/YKL060C/YKL152C/YLR377C/YLR446W/YMR205C/YMR323W/YOR344C/YOR347C/YOR393W/YPL075W",20
"GO:0009261","ribonucleotide catabolic process","20/784","35/6449",0.571428571428571,4.70043731778426,8.16569557653893,2.15387943395606e-10,7.40455885406674e-09,6.33316128300064e-09,"YAL038W/YBR196C/YCL040W/YCR012W/YDL021W/YER005W/YFR053C/YHR174W/YJL052W/YJR009C/YKL060C/YKL152C/YLR377C/YLR446W/YMR205C/YMR323W/YOR344C/YOR347C/YOR393W/YPL075W",20
"GO:0006096","glycolytic process","19/784","32/6449",0.59375,4.8840481505102,8.1934001100029,2.46687942246461e-10,7.45259269968757e-09,6.37424490423385e-09,"YAL038W/YBR196C/YCL040W/YCR012W/YDL021W/YFR053C/YHR174W/YJL052W/YJR009C/YKL060C/YKL152C/YLR377C/YLR446W/YMR205C/YMR323W/YOR344C/YOR347C/YOR393W/YPL075W",19
"GO:0009137","purine nucleoside diphosphate catabolic process","19/784","32/6449",0.59375,4.8840481505102,8.1934001100029,2.46687942246461e-10,7.45259269968757e-09,6.37424490423385e-09,"YAL038W/YBR196C/YCL040W/YCR012W/YDL021W/YFR053C/YHR174W/YJL052W/YJR009C/YKL060C/YKL152C/YLR377C/YLR446W/YMR205C/YMR323W/YOR344C/YOR347C/YOR393W/YPL075W",19
"GO:0009181","purine ribonucleoside diphosphate catabolic process","19/784","32/6449",0.59375,4.8840481505102,8.1934001100029,2.46687942246461e-10,7.45259269968757e-09,6.37424490423385e-09,"YAL038W/YBR196C/YCL040W/YCR012W/YDL021W/YFR053C/YHR174W/YJL052W/YJR009C/YKL060C/YKL152C/YLR377C/YLR446W/YMR205C/YMR323W/YOR344C/YOR347C/YOR393W/YPL075W",19
"GO:0046032","ADP catabolic process","19/784","32/6449",0.59375,4.8840481505102,8.1934001100029,2.46687942246461e-10,7.45259269968757e-09,6.37424490423385e-09,"YAL038W/YBR196C/YCL040W/YCR012W/YDL021W/YFR053C/YHR174W/YJL052W/YJR009C/YKL060C/YKL152C/YLR377C/YLR446W/YMR205C/YMR323W/YOR344C/YOR347C/YOR393W/YPL075W",19
"GO:0046365","monosaccharide catabolic process","24/784","49/6449",0.489795918367347,4.02894627238651,7.91717439662791,2.47278459948764e-10,7.45259269968757e-09,6.37424490423385e-09,"YAL038W/YBR196C/YCL040W/YCR012W/YDL021W/YER003C/YFR053C/YGR087C/YHR174W/YHR210C/YJL052W/YJR009C/YJR096W/YKL060C/YKL152C/YLR044C/YLR134W/YLR377C/YMR170C/YMR205C/YNR071C/YOL086C/YOR347C/YPL061W",24
"GO:1901292","nucleoside phosphate catabolic process","24/784","49/6449",0.489795918367347,4.02894627238651,7.91717439662791,2.47278459948764e-10,7.45259269968757e-09,6.37424490423385e-09,"YAL038W/YBR196C/YCL040W/YCR012W/YDL021W/YER005W/YER037W/YFR053C/YGL126W/YHR174W/YHR202W/YJL052W/YJR009C/YKL060C/YKL152C/YLR377C/YLR446W/YMR205C/YMR323W/YNR001C/YOR344C/YOR347C/YOR393W/YPL075W",24
"GO:0019693","ribose phosphate metabolic process","38/784","107/6449",0.355140186915888,2.92129982834255,7.4549460104412,2.50507317636557e-10,7.45259269968757e-09,6.37424490423385e-09,"YAL038W/YBR196C/YCL040W/YCR012W/YDL004W/YDL021W/YDR226W/YDR322C-A/YER005W/YFR053C/YHR174W/YJL005W/YJL052W/YJL116C/YJR009C/YJR010W/YJR121W/YKL001C/YKL016C/YKL060C/YKL152C/YLR295C/YLR377C/YLR446W/YML022W/YML081C-A/YMR205C/YMR271C/YMR323W/YNR012W/YOL077W-A/YOR344C/YOR347C/YOR393W/YPL075W/YPL078C/YPL271W/YPR020W",38
"GO:0006089","lactate metabolic process","21/784","39/6449",0.538461538461538,4.42925824175824,7.99050207230288,3.42035401711989e-10,9.98356163110277e-09,8.5389970199001e-09,"YAL038W/YBR196C/YCL040W/YCR012W/YEL071W/YFR053C/YGR087C/YHR174W/YJL052W/YJR009C/YKL060C/YKL152C/YLR044C/YLR134W/YLR377C/YML054C/YMR170C/YOL086C/YOR347C/YOR391C/YPL061W",21
"GO:0072526","pyridine-containing compound catabolic process","20/784","36/6449",0.555555555555556,4.56986961451247,7.98994101797282,4.29911682932047e-10,1.2316173583257e-08,1.05340932835396e-08,"YAL038W/YBR196C/YCL040W/YCR012W/YDL021W/YFR053C/YHR174W/YHR202W/YJL052W/YJR009C/YKL060C/YKL152C/YLR377C/YLR446W/YMR205C/YMR323W/YOR344C/YOR347C/YOR393W/YPL075W",20
"GO:0006083","acetate metabolic process","19/784","33/6449",0.575757575757576,4.73604669140383,8.00401098760708,5.1592453237574e-10,1.45115500288231e-08,1.24118112382068e-08,"YAL038W/YBL015W/YBR196C/YCL040W/YCR012W/YFR053C/YGR087C/YHR174W/YJL052W/YJR009C/YKL060C/YKL152C/YLR044C/YLR134W/YLR377C/YMR170C/YOL086C/YOR347C/YPL061W",19
"GO:0009132","nucleoside diphosphate metabolic process","21/784","40/6449",0.525,4.31852678571429,7.8316050172815,6.38697192066199e-10,1.76440099308288e-08,1.50910220005115e-08,"YAL038W/YBR196C/YCL040W/YCR012W/YDL021W/YDR226W/YER005W/YFR053C/YHR174W/YJL052W/YJR009C/YKL060C/YKL152C/YLR377C/YLR446W/YMR205C/YMR323W/YOR344C/YOR347C/YOR393W/YPL075W",21
"GO:0006195","purine nucleotide catabolic process","20/784","37/6449",0.540540540540541,4.44635962493105,7.82051381594909,8.30076841636229e-10,2.25285767370394e-08,1.92688197587579e-08,"YAL038W/YBR196C/YCL040W/YCR012W/YDL021W/YFR053C/YHR174W/YHR202W/YJL052W/YJR009C/YKL060C/YKL152C/YLR377C/YLR446W/YMR205C/YMR323W/YOR344C/YOR347C/YOR393W/YPL075W",20
"GO:0009154","purine ribonucleotide catabolic process","19/784","34/6449",0.558823529411765,4.59675120048019,7.82207749051506,1.03762078172195e-09,2.76758508504112e-08,2.36713125703174e-08,"YAL038W/YBR196C/YCL040W/YCR012W/YDL021W/YFR053C/YHR174W/YJL052W/YJR009C/YKL060C/YKL152C/YLR377C/YLR446W/YMR205C/YMR323W/YOR344C/YOR347C/YOR393W/YPL075W",19
"GO:1901136","carbohydrate derivative catabolic process","26/784","61/6449",0.426229508196721,3.50606390097022,7.31551985033857,1.98982847249216e-09,5.19053511868029e-08,4.43949419533979e-08,"YAL038W/YBR196C/YCL040W/YCR012W/YDL021W/YDL022W/YER005W/YFR053C/YHR174W/YHR210C/YJL052W/YJR009C/YKL060C/YKL152C/YLR286C/YLR377C/YLR446W/YMR205C/YMR278W/YMR323W/YNR071C/YOL059W/YOR344C/YOR347C/YOR393W/YPL075W",26
"GO:0044283","small molecule biosynthetic process","85/784","372/6449",0.228494623655914,1.87954314790432,6.50061716062368,2.01313579263618e-09,5.19053511868029e-08,4.43949419533979e-08,"YAL012W/YAL060W/YAL061W/YBR084W/YBR196C/YBR239C/YBR240C/YCL018W/YCR012W/YCR034W/YCR084C/YDL022W/YDL168W/YDR226W/YDR354W/YDR380W/YEL071W/YER052C/YER062C/YGL001C/YGL055W/YGL062W/YGL148W/YGR060W/YGR087C/YGR124W/YGR144W/YGR175C/YHR067W/YHR174W/YIL053W/YIL074C/YIR017C/YJL052W/YJL097W/YJL200C/YJR009C/YJR010W/YJR148W/YKL001C/YKL060C/YKL152C/YKR097W/YLL062C/YLR027C/YLR044C/YLR058C/YLR134W/YLR174W/YLR231C/YLR303W/YLR372W/YLR377C/YLR438W/YML022W/YML075C/YML087C/YMR009W/YMR015C/YMR134W/YMR169C/YMR170C/YMR207C/YMR271C/YMR272C/YMR278W/YNL037C/YNL334C/YNR012W/YOL055C/YOL058W/YOL059W/YOL086C/YOL126C/YOR047C/YOR095C/YOR375C/YOR391C/YPL061W/YPL095C/YPL201C/YPL252C/YPR035W/YPR121W/YPR167C",85
"GO:1902600","proton transmembrane transport","35/784","105/6449",0.333333333333333,2.74192176870748,6.69440985067492,8.86583356774092e-09,2.24843352939266e-07,1.92309798009497e-07,"Q0060/YDL004W/YDL067C/YDL138W/YDL245C/YDR322C-A/YDR342C/YDR343C/YDR345C/YDR529C/YDR536W/YEL069C/YGL008C/YHR092C/YHR094C/YHR096C/YIL111W/YJL214W/YJR121W/YKL016C/YKL217W/YLR038C/YLR136C/YLR295C/YLR395C/YML081C-A/YML123C/YMR205C/YMR256C/YNL052W/YNR072W/YOL077W-A/YPL078C/YPL271W/YPR020W",35
"GO:0061615","glycolytic process through fructose-6-phosphate","12/784","17/6449",0.705882352941177,5.80642256902761,7.38148908203592,3.33194252749373e-08,8.18176998417905e-07,6.99791438105199e-07,"YAL038W/YBR196C/YCR012W/YDL021W/YHR174W/YJL052W/YJR009C/YKL060C/YKL152C/YLR377C/YMR205C/YOR347C",12
"GO:0061620","glycolytic process through glucose-6-phosphate","12/784","17/6449",0.705882352941177,5.80642256902761,7.38148908203592,3.33194252749373e-08,8.18176998417905e-07,6.99791438105199e-07,"YAL038W/YBR196C/YCR012W/YDL021W/YHR174W/YJL052W/YJR009C/YKL060C/YKL152C/YLR377C/YMR205C/YOR347C",12
"GO:0006066","alcohol metabolic process","39/784","132/6449",0.295454545454545,2.43033974953618,6.17648404320084,5.5770319567669e-08,1.34807319329975e-06,1.15301466606184e-06,"YAL060W/YAL061W/YBR240C/YCR105W/YDL022W/YDL085W/YDL168W/YDR380W/YEL070W/YER062C/YFL053W/YGL001C/YGR060W/YGR087C/YGR144W/YGR175C/YHL032C/YHR079C/YIL053W/YIL155C/YLR044C/YLR134W/YLR174W/YML070W/YML075C/YML087C/YMR015C/YMR134W/YMR145C/YMR170C/YNL037C/YNR019W/YNR073C/YOL055C/YOL059W/YOL086C/YPL061W/YPL201C/YPR121W",39
"GO:0006090","pyruvate metabolic process","19/784","43/6449",0.441860465116279,3.63464048410062,6.44811404748429,1.52757349046832e-07,3.63562490731459e-06,3.1095706518521e-06,"YAL038W/YBR196C/YCL040W/YCR012W/YDL021W/YFR053C/YHR174W/YJL052W/YJR009C/YKL060C/YKL152C/YLR377C/YLR446W/YMR205C/YMR323W/YOR344C/YOR347C/YOR393W/YPL075W",19
"GO:0098660","inorganic ion transmembrane transport","48/784","189/6449",0.253968253968254,2.08908325234856,5.65295337873322,3.03466269611049e-07,7.1130654407317e-06,6.08384530942724e-06,"Q0060/YBR235W/YBR294W/YDL004W/YDL067C/YDL138W/YDL245C/YDR135C/YDR322C-A/YDR342C/YDR343C/YDR345C/YDR529C/YDR536W/YEL069C/YER053C/YER145C/YGL008C/YGR121C/YHR092C/YHR094C/YHR096C/YIL111W/YJL214W/YJR077C/YJR121W/YKL016C/YKL217W/YLR038C/YLR136C/YLR295C/YLR395C/YML081C-A/YML123C/YMR205C/YMR256C/YMR279C/YMR319C/YNL052W/YNL142W/YNR072W/YOL077W-A/YOL130W/YPL078C/YPL092W/YPL271W/YPR020W/YPR124W",48
"GO:0098662","inorganic cation transmembrane transport","44/784","168/6449",0.261904761904762,2.15436710398445,5.63968405814419,3.77580147757108e-07,8.71815654597383e-06,7.45668885672718e-06,"Q0060/YBR235W/YDL004W/YDL067C/YDL138W/YDL245C/YDR135C/YDR322C-A/YDR342C/YDR343C/YDR345C/YDR529C/YDR536W/YEL069C/YER053C/YER145C/YGL008C/YGR121C/YHR092C/YHR094C/YHR096C/YIL111W/YJL214W/YJR121W/YKL016C/YKL217W/YLR038C/YLR136C/YLR295C/YLR395C/YML081C-A/YML123C/YMR205C/YMR256C/YMR319C/YNL052W/YNL142W/YNR072W/YOL077W-A/YOL130W/YPL078C/YPL271W/YPR020W/YPR124W",44
"GO:0046942","carboxylic acid transport","26/784","77/6449",0.337662337662338,2.77753114232706,5.83707516683614,5.53490432429951e-07,1.25919073377814e-05,1.07699299313382e-05,"YAL067C/YAR035W/YBR043C/YBR068C/YBR069C/YCL025C/YDL210W/YDR508C/YEL063C/YER119C/YGL080W/YGR055W/YGR191W/YGR243W/YGR260W/YHL036W/YJL079C/YJL193W/YJR095W/YKL217W/YKR013W/YMR241W/YNL065W/YOR317W/YOR348C/YPL265W",26
"GO:0015849","organic acid transport","26/784","78/6449",0.333333333333333,2.74192176870748,5.75761649635848,7.36255932953407e-07,1.65070714243322e-05,1.41185920323788e-05,"YAL067C/YAR035W/YBR043C/YBR068C/YBR069C/YCL025C/YDL210W/YDR508C/YEL063C/YER119C/YGL080W/YGR055W/YGR191W/YGR243W/YGR260W/YHL036W/YJL079C/YJL193W/YJR095W/YKL217W/YKR013W/YMR241W/YNL065W/YOR317W/YOR348C/YPL265W",26
"GO:0019637","organophosphate metabolic process","89/784","450/6449",0.197777777777778,1.62687358276644,5.1288191219576,1.06685272405698e-06,2.35774452016592e-05,2.01659229193928e-05,"YAL038W/YBL091C-A/YBR117C/YBR196C/YCL040W/YCR012W/YCR068W/YDL004W/YDL021W/YDL022W/YDL055C/YDL166C/YDR226W/YDR322C-A/YER003C/YER005W/YER037W/YFL045C/YFL053W/YFR053C/YGL071W/YGL126W/YGR043C/YGR248W/YGR256W/YHL032C/YHR174W/YHR202W/YHR210C/YIL155C/YJL005W/YJL052W/YJL116C/YJL145W/YJR009C/YJR010W/YJR078W/YJR121W/YKL001C/YKL016C/YKL035W/YKL060C/YKL152C/YKL165C/YKR031C/YKR080W/YLR099C/YLR168C/YLR174W/YLR231C/YLR295C/YLR377C/YLR446W/YML022W/YML070W/YML075C/YML081C-A/YMR169C/YMR170C/YMR205C/YMR207C/YMR271C/YMR272C/YMR315W/YMR323W/YNL129W/YNL141W/YNL200C/YNL241C/YNL264C/YNL334C/YNR001C/YNR012W/YNR034W/YNR071C/YOL055C/YOL059W/YOL077W-A/YOR095C/YOR317W/YOR344C/YOR347C/YOR393W/YPL061W/YPL075W/YPL078C/YPL206C/YPL271W/YPR020W",89
"GO:0071554","cell wall organization or biogenesis","62/784","280/6449",0.221428571428571,1.8214194606414,5.22765847142926,1.13439357198256e-06,2.44024850302542e-05,2.08715841751639e-05,"YBL043W/YBL105C/YBR043C/YBR162C/YCR032W/YCR045C/YCR089W/YDL049C/YDL055C/YDL239C/YDR077W/YDR144C/YDR273W/YDR293C/YDR523C/YER003C/YER011W/YER033C/YER075C/YER124C/YFR042W/YGR023W/YGR143W/YGR189C/YGR225W/YHL027W/YHL028W/YHR021W-A/YHR079C/YHR102W/YHR139C/YIL119C/YIL123W/YJL034W/YJL083W/YJL116C/YJL158C/YJL159W/YJR066W/YJR150C/YJR151C/YKL096W/YKL096W-A/YKL129C/YKL164C/YKL165C/YKR019C/YKR061W/YKR076W/YLR194C/YLR286C/YLR300W/YLR436C/YMR176W/YMR215W/YMR305C/YNR067C/YOL109W/YOR009W/YOR010C/YOR092W/YOR247W",62
"GO:0015755","fructose transmembrane transport","11/784","18/6449",0.611111111111111,5.02685657596372,6.36405241777163,1.1357329813693e-06,2.44024850302542e-05,2.08715841751639e-05,"YDL245C/YDR342C/YDR343C/YDR345C/YEL069C/YFR053C/YHR092C/YHR094C/YHR096C/YJL214W/YNR072W",11
"GO:0008643","carbohydrate transport","17/784","40/6449",0.425,3.49595025510204,5.89035370300162,1.36093934247804e-06,2.88407282577195e-05,2.46676388391477e-05,"YCL040W/YDL138W/YDL245C/YDR277C/YDR342C/YDR343C/YDR345C/YDR536W/YEL069C/YFR053C/YHR092C/YHR094C/YHR096C/YJL214W/YNR072W/YPR026W/YPR115W",17
"GO:0006812","monoatomic cation transport","50/784","211/6449",0.23696682464455,1.94923348486314,5.21509448167478,1.63499099584533e-06,3.4180149602334e-05,2.92344762699513e-05,"Q0060/YBR235W/YDL004W/YDL067C/YDL138W/YDL245C/YDR135C/YDR322C-A/YDR342C/YDR343C/YDR345C/YDR529C/YDR536W/YEL069C/YER053C/YER145C/YGL008C/YGL071W/YGR191W/YHR092C/YHR094C/YHR096C/YIL111W/YJL214W/YJR121W/YKL016C/YKL217W/YLL009C/YLR038C/YLR136C/YLR214W/YLR295C/YLR395C/YML081C-A/YML123C/YMR205C/YMR256C/YMR319C/YNL052W/YNR072W/YOL077W-A/YOL130W/YOL152W/YOR381W/YOR383C/YOR384W/YPL078C/YPL271W/YPR020W/YPR124W",50
"GO:0045229","external encapsulating structure organization","55/784","241/6449",0.228215767634855,1.87724934372089,5.16328749842987,1.74335004133659e-06,3.5486348867733e-05,3.03516759274252e-05,"YBL043W/YBL105C/YBR043C/YBR162C/YCR032W/YCR045C/YCR089W/YDL049C/YDL239C/YDR077W/YDR144C/YDR273W/YDR293C/YDR523C/YER011W/YER033C/YER124C/YFR042W/YGR023W/YGR143W/YGR189C/YGR225W/YHL028W/YHR021W-A/YHR079C/YHR102W/YHR139C/YIL123W/YJL083W/YJL116C/YJL158C/YJL159W/YJR066W/YJR150C/YJR151C/YKL096W/YKL096W-A/YKL129C/YKL164C/YKL165C/YKR019C/YKR076W/YLR194C/YLR286C/YLR300W/YLR436C/YMR176W/YMR215W/YMR305C/YNR067C/YOL109W/YOR009W/YOR010C/YOR092W/YOR247W",55
"GO:0071555","cell wall organization","55/784","241/6449",0.228215767634855,1.87724934372089,5.16328749842987,1.74335004133659e-06,3.5486348867733e-05,3.03516759274252e-05,"YBL043W/YBL105C/YBR043C/YBR162C/YCR032W/YCR045C/YCR089W/YDL049C/YDL239C/YDR077W/YDR144C/YDR273W/YDR293C/YDR523C/YER011W/YER033C/YER124C/YFR042W/YGR023W/YGR143W/YGR189C/YGR225W/YHL028W/YHR021W-A/YHR079C/YHR102W/YHR139C/YIL123W/YJL083W/YJL116C/YJL158C/YJL159W/YJR066W/YJR150C/YJR151C/YKL096W/YKL096W-A/YKL129C/YKL164C/YKL165C/YKR019C/YKR076W/YLR194C/YLR286C/YLR300W/YLR436C/YMR176W/YMR215W/YMR305C/YNR067C/YOL109W/YOR009W/YOR010C/YOR092W/YOR247W",55
"GO:0006754","ATP biosynthetic process","11/784","19/6449",0.578947368421053,4.76228517722879,6.10933041743176,2.40208209132304e-06,4.76412948112402e-05,4.07478702941033e-05,"YDL004W/YDR322C-A/YJL116C/YJR121W/YKL016C/YLR295C/YML081C-A/YOL077W-A/YPL078C/YPL271W/YPR020W",11
"GO:0015986","proton motive force-driven ATP synthesis","11/784","19/6449",0.578947368421053,4.76228517722879,6.10933041743176,2.40208209132304e-06,4.76412948112402e-05,4.07478702941033e-05,"YDL004W/YDR322C-A/YJL116C/YJR121W/YKL016C/YLR295C/YML081C-A/YOL077W-A/YPL078C/YPL271W/YPR020W",11
"GO:0008645","hexose transmembrane transport","13/784","26/6449",0.5,4.11288265306122,5.91631175803096,2.61856308104174e-06,5.06364635796445e-05,4.3309655169335e-05,"YCL040W/YDL245C/YDR277C/YDR342C/YDR343C/YDR345C/YEL069C/YFR053C/YHR092C/YHR094C/YHR096C/YJL214W/YNR072W",13
"GO:0015749","monosaccharide transmembrane transport","13/784","26/6449",0.5,4.11288265306122,5.91631175803096,2.61856308104174e-06,5.06364635796445e-05,4.3309655169335e-05,"YCL040W/YDL245C/YDR277C/YDR342C/YDR343C/YDR345C/YEL069C/YFR053C/YHR092C/YHR094C/YHR096C/YJL214W/YNR072W",13
"GO:0015761","mannose transmembrane transport","10/784","16/6449",0.625,5.14110331632653,6.16935654509436,2.68499248010799e-06,5.12800415645315e-05,4.38601110785671e-05,"YDL245C/YDR342C/YDR343C/YDR345C/YEL069C/YHR092C/YHR094C/YHR096C/YJL214W/YNR072W",10
"GO:0016051","carbohydrate biosynthetic process","30/784","105/6449",0.285714285714286,2.35021865889213,5.18904881552716,4.14690308550397e-06,7.82348667472517e-05,6.69147262962579e-05,"YBR126C/YBR196C/YBR239C/YCR012W/YDL022W/YDL049C/YDR074W/YER062C/YFR015C/YFR042W/YGL062W/YGR143W/YHR174W/YIL045W/YIL053W/YJL034W/YJL052W/YJR009C/YKL035W/YKL060C/YKL152C/YKR058W/YKR097W/YLR377C/YMR215W/YOL059W/YOL126C/YPL201C/YPL227C/YPR184W",30
"GO:0098655","monoatomic cation transmembrane transport","42/784","171/6449",0.245614035087719,2.0203634085213,5.03051981540152,4.28618910711832e-06,7.98883680567716e-05,6.83289753664899e-05,"Q0060/YBR235W/YDL004W/YDL067C/YDL138W/YDL245C/YDR135C/YDR322C-A/YDR342C/YDR343C/YDR345C/YDR529C/YDR536W/YEL069C/YER053C/YER145C/YGL008C/YHR092C/YHR094C/YHR096C/YIL111W/YJL214W/YJR121W/YKL016C/YKL217W/YLR038C/YLR136C/YLR295C/YLR395C/YML081C-A/YML123C/YMR205C/YMR256C/YMR319C/YNL052W/YNR072W/YOL077W-A/YOL130W/YPL078C/YPL271W/YPR020W/YPR124W",42
"GO:1901135","carbohydrate derivative metabolic process","66/784","316/6449",0.208860759493671,1.71803958925342,4.86884599158011,4.41272514482007e-06,8.12676880837696e-05,6.9508715627053e-05,"YAL038W/YBR117C/YBR196C/YCL040W/YCR012W/YDL004W/YDL021W/YDL022W/YDL055C/YDR226W/YDR322C-A/YER003C/YER005W/YFL045C/YFL053W/YFR053C/YGR043C/YGR189C/YGR248W/YGR256W/YHL032C/YHR174W/YHR210C/YIL155C/YJL005W/YJL052W/YJL116C/YJR009C/YJR010W/YJR121W/YKL001C/YKL016C/YKL035W/YKL060C/YKL152C/YKL165C/YKR061W/YLR286C/YLR295C/YLR377C/YLR446W/YML022W/YML070W/YML081C-A/YMR205C/YMR271C/YMR278W/YMR323W/YNL129W/YNL241C/YNR012W/YNR034W/YNR071C/YOL059W/YOL077W-A/YOR047C/YOR095C/YOR198C/YOR344C/YOR347C/YOR393W/YPL075W/YPL078C/YPL227C/YPL271W/YPR020W",66
"GO:0006811","monoatomic ion transport","52/784","230/6449",0.226086956521739,1.85973824312334,4.93901646350851,4.50530334439419e-06,8.19965208679743e-05,7.01320904508173e-05,"Q0060/YBR235W/YBR294W/YDL004W/YDL067C/YDL138W/YDL245C/YDR135C/YDR322C-A/YDR342C/YDR343C/YDR345C/YDR529C/YDR536W/YEL069C/YER053C/YER145C/YGL008C/YGL071W/YGR191W/YHR092C/YHR094C/YHR096C/YIL111W/YJL214W/YJR121W/YKL016C/YKL217W/YLL009C/YLR038C/YLR136C/YLR214W/YLR295C/YLR395C/YML081C-A/YML123C/YMR203W/YMR205C/YMR256C/YMR319C/YNL052W/YNR072W/YOL077W-A/YOL130W/YOL152W/YOR381W/YOR383C/YOR384W/YPL078C/YPL271W/YPR020W/YPR124W",52
"GO:0034219","carbohydrate transmembrane transport","16/784","39/6449",0.41025641025641,3.37467294610152,5.53321673643832,4.88595977853632e-06,8.78904625278569e-05,7.51732122597327e-05,"YCL040W/YDL138W/YDL245C/YDR277C/YDR342C/YDR343C/YDR345C/YDR536W/YEL069C/YFR053C/YHR092C/YHR094C/YHR096C/YJL214W/YNR072W/YPR115W",16
"GO:0034220","monoatomic ion transmembrane transport","43/784","180/6449",0.238888888888889,1.96504393424036,4.88489003442372,7.09616860901599e-06,0.000126181296990204,0.000107923580659808,"Q0060/YBR235W/YBR294W/YDL004W/YDL067C/YDL138W/YDL245C/YDR135C/YDR322C-A/YDR342C/YDR343C/YDR345C/YDR529C/YDR536W/YEL069C/YER053C/YER145C/YGL008C/YHR092C/YHR094C/YHR096C/YIL111W/YJL214W/YJR121W/YKL016C/YKL217W/YLR038C/YLR136C/YLR295C/YLR395C/YML081C-A/YML123C/YMR205C/YMR256C/YMR319C/YNL052W/YNR072W/YOL077W-A/YOL130W/YPL078C/YPL271W/YPR020W/YPR124W",43
"GO:0051156","glucose 6-phosphate metabolic process","11/784","21/6449",0.523809523809524,4.3087342079689,5.64942416750896,8.89252623740155e-06,0.000156326569196139,0.000133707003354231,"YBR117C/YBR196C/YCL040W/YFR053C/YGR043C/YGR248W/YGR256W/YLR446W/YNL241C/YNR034W/YOR095C",11
"GO:0015711","organic anion transport","32/784","120/6449",0.266666666666667,2.19353741496599,4.9094145075167,9.91186758768911e-06,0.00017228830514781,0.000147359166856596,"YAL067C/YAR035W/YBR043C/YBR068C/YBR069C/YCL025C/YCR098C/YDL210W/YDR508C/YEL063C/YER119C/YGL080W/YGR055W/YGR191W/YGR243W/YGR260W/YHL036W/YJL079C/YJL193W/YJR095W/YKL165C/YKL217W/YKR013W/YML038C/YMR241W/YNL065W/YOR306C/YOR317W/YOR348C/YPL002C/YPL244C/YPL265W",32
"GO:0006071","glycerol metabolic process","9/784","15/6449",0.6,4.93545918367347,5.67637531020102,1.4041180065645e-05,0.000241352284017254,0.00020642998061422,"YDL022W/YER062C/YFL053W/YHL032C/YIL053W/YIL155C/YML070W/YOL059W/YPL201C",9
"GO:0009145","purine nucleoside triphosphate biosynthetic process","11/784","23/6449",0.478260869565217,3.93406166814552,5.2436462292336,2.7053136389734e-05,0.000454904369509983,0.000389082293385533,"YDL004W/YDR322C-A/YJL116C/YJR121W/YKL016C/YLR295C/YML081C-A/YOL077W-A/YPL078C/YPL271W/YPR020W",11
"GO:0009206","purine ribonucleoside triphosphate biosynthetic process","11/784","23/6449",0.478260869565217,3.93406166814552,5.2436462292336,2.7053136389734e-05,0.000454904369509983,0.000389082293385533,"YDL004W/YDR322C-A/YJL116C/YJR121W/YKL016C/YLR295C/YML081C-A/YOL077W-A/YPL078C/YPL271W/YPR020W",11
"GO:0006740","NADPH regeneration","9/784","16/6449",0.5625,4.62699298469388,5.40344231956567,2.86419926756213e-05,0.000476442609346087,0.000407504072362829,"YBR117C/YGR043C/YGR248W/YGR256W/YMR315W/YNL241C/YNR034W/YOR095C/YPL061W",9
"GO:0009201","ribonucleoside triphosphate biosynthetic process","12/784","27/6449",0.444444444444444,3.65589569160998,5.14432424880889,2.91821424801425e-05,0.000480263557625323,0.000410772151148254,"YDL004W/YDR322C-A/YJL116C/YJR121W/YKL016C/YLR295C/YML081C-A/YNR012W/YOL077W-A/YPL078C/YPL271W/YPR020W",12
"GO:0034308","primary alcohol metabolic process","14/784","37/6449",0.378378378378378,3.11245173745174,4.79359666320298,5.65583429938816e-05,0.000921007964331945,0.0007877433478483,"YBR240C/YDL085W/YFL053W/YGR087C/YGR144W/YLR044C/YLR134W/YML070W/YMR145C/YMR170C/YOL055C/YOL086C/YPL061W/YPR121W",14
"GO:1904659","D-glucose transmembrane transport","7/784","11/6449",0.636363636363636,5.23457792207792,5.2287945029269,8.10623095858719e-05,0.001306285343014,0.00111727328014738,"YCL040W/YDR277C/YDR342C/YDR345C/YFR053C/YHR094C/YHR096C",7
"GO:0046165","alcohol biosynthetic process","24/784","88/6449",0.272727272727273,2.24339053803339,4.3687458955983,8.58820342137148e-05,0.00136968563843935,0.00117149991325707,"YAL060W/YAL061W/YBR240C/YDL022W/YDL168W/YDR380W/YER062C/YGL001C/YGR060W/YGR087C/YGR144W/YGR175C/YIL053W/YLR044C/YLR134W/YML075C/YML087C/YMR015C/YMR134W/YOL055C/YOL059W/YOL086C/YPL201C/YPR121W",24
"GO:0046395","carboxylic acid catabolic process","27/784","105/6449",0.257142857142857,2.11519679300291,4.2858321944385,9.6189472475913e-05,0.00151841952979834,0.00129871285609262,"YAL012W/YCL064C/YDL168W/YDL219W/YDR380W/YEL020C/YER010C/YGL205W/YGR019W/YGR087C/YIL160C/YJL097W/YJR078W/YJR148W/YKR009C/YLR027C/YLR044C/YLR134W/YLR142W/YLR231C/YLR438W/YMR250W/YOL086C/YPL095C/YPL111W/YPR001W/YPR006C",27
"GO:1903825","organic acid transmembrane transport","16/784","48/6449",0.333333333333333,2.74192176870748,4.5060493136573,0.000101116406339073,0.00156427080606546,0.00133792971334963,"YAR035W/YCL025C/YDR508C/YEL063C/YER119C/YGL080W/YGR055W/YGR191W/YGR243W/YGR260W/YHL036W/YJL193W/YJR095W/YKL217W/YMR241W/YOR348C",16
"GO:1905039","carboxylic acid transmembrane transport","16/784","48/6449",0.333333333333333,2.74192176870748,4.5060493136573,0.000101116406339073,0.00156427080606546,0.00133792971334963,"YAR035W/YCL025C/YDR508C/YEL063C/YER119C/YGL080W/YGR055W/YGR191W/YGR243W/YGR260W/YHL036W/YJL193W/YJR095W/YKL217W/YMR241W/YOR348C",16
"GO:0016054","organic acid catabolic process","27/784","106/6449",0.254716981132075,2.09524210627647,4.22947339427008,0.00011450108674123,0.00175379387315527,0.00150002987007531,"YAL012W/YCL064C/YDL168W/YDL219W/YDR380W/YEL020C/YER010C/YGL205W/YGR019W/YGR087C/YIL160C/YJL097W/YJR078W/YJR148W/YKR009C/YLR027C/YLR044C/YLR134W/YLR142W/YLR231C/YLR438W/YMR250W/YOL086C/YPL095C/YPL111W/YPR001W/YPR006C",27
"GO:0043648","dicarboxylic acid metabolic process","20/784","69/6449",0.289855072463768,2.38427979887607,4.30039824379505,0.00013289196681772,0.00201552816340208,0.00172389269648992,"YBR084W/YDR354W/YFR049W/YGL062W/YGL148W/YGR019W/YKR080W/YLR027C/YLR058C/YLR142W/YLR174W/YLR231C/YLR438W/YMR250W/YNL037C/YOL126C/YOR375C/YPL017C/YPL262W/YPR035W",20
"GO:0006865","amino acid transport","18/784","59/6449",0.305084745762712,2.5095555171221,4.33306551120655,0.000139111222236523,0.00208936952232914,0.00178704963057036,"YBR043C/YBR068C/YBR069C/YCL025C/YDL210W/YDR046C/YDR508C/YEL063C/YER119C/YGR055W/YGR125W/YGR142W/YGR191W/YHL036W/YMR088C/YNL065W/YOR348C/YPL265W",18
"GO:0009142","nucleoside triphosphate biosynthetic process","12/784","31/6449",0.387096774193548,3.18416721527321,4.53458412374128,0.000149016379357245,0.00221661864293901,0.00189588652684268,"YDL004W/YDR322C-A/YJL116C/YJR121W/YKL016C/YLR295C/YML081C-A/YNR012W/YOL077W-A/YPL078C/YPL271W/YPR020W",12
"GO:0006739","NADP+ metabolic process","10/784","23/6449",0.434782608695652,3.57641969831411,4.60448176078278,0.000171907144199822,0.00253276525787738,0.00216628852390152,"YBR117C/YGR043C/YGR248W/YGR256W/YLR174W/YMR315W/YNL241C/YNR034W/YOR095C/YPL061W",10
"GO:0003333","amino acid transmembrane transport","16/784","50/6449",0.32,2.63224489795918,4.31007527857484,0.00017454448975786,0.00254736156278688,0.002178772826471,"YBR043C/YBR068C/YBR069C/YCL025C/YDR046C/YDR508C/YEL063C/YER119C/YGR055W/YGR125W/YGR191W/YHL036W/YMR088C/YNL065W/YOR348C/YPL265W",16
"GO:0071852","fungal-type cell wall organization or biogenesis","44/784","211/6449",0.208530805687204,1.71532546667956,3.93000242129036,0.00018597055028319,0.0026887517877392,0.00229970468967998,"YBL105C/YBR043C/YCR032W/YCR045C/YDL049C/YDL239C/YDR077W/YDR144C/YDR273W/YDR293C/YDR523C/YER011W/YER033C/YER075C/YGR023W/YGR143W/YGR189C/YGR225W/YHL027W/YHR079C/YHR102W/YHR139C/YIL119C/YIL123W/YJL034W/YJL083W/YJL116C/YJL158C/YJL159W/YJR066W/YJR150C/YJR151C/YKL096W/YKL096W-A/YKL129C/YKL164C/YKR019C/YLR194C/YLR300W/YMR215W/YOL109W/YOR009W/YOR010C/YOR247W",44
"GO:0031505","fungal-type cell wall organization","40/784","189/6449",0.211640211640212,1.74090271029047,3.84570093279576,0.000261517447305488,0.00374599528686657,0.0032039710649415,"YBL105C/YBR043C/YCR032W/YCR045C/YDL049C/YDL239C/YDR077W/YDR144C/YDR273W/YDR293C/YDR523C/YER011W/YER033C/YGR023W/YGR143W/YGR189C/YGR225W/YHR079C/YHR102W/YHR139C/YIL123W/YJL083W/YJL116C/YJL158C/YJL159W/YJR066W/YJR150C/YJR151C/YKL096W/YKL096W-A/YKL129C/YKL164C/YKR019C/YLR194C/YLR300W/YMR215W/YOL109W/YOR009W/YOR010C/YOR247W",40
"GO:0170033","L-amino acid metabolic process","36/784","165/6449",0.218181818181818,1.79471243042672,3.84684314766177,0.000283040210719483,0.00401709363287193,0.00343584302148132,"YAL012W/YCL018W/YCL064C/YDL168W/YDR354W/YDR380W/YER052C/YGL062W/YGR019W/YGR087C/YGR124W/YIL074C/YIR017C/YJL200C/YJR078W/YJR148W/YKL001C/YLL062C/YLR027C/YLR044C/YLR058C/YLR134W/YLR142W/YLR174W/YLR231C/YLR303W/YLR438W/YMR009W/YMR250W/YNL037C/YOL058W/YOL086C/YOR375C/YPL111W/YPR035W/YPR167C",36
"GO:0170035","L-amino acid catabolic process","17/784","57/6449",0.298245614035088,2.45329842463301,4.09962786266843,0.000287364245788586,0.0040413862566813,0.00345662064072969,"YAL012W/YCL064C/YDL168W/YDR380W/YGR019W/YGR087C/YJR078W/YJR148W/YLR027C/YLR044C/YLR134W/YLR142W/YLR231C/YLR438W/YMR250W/YOL086C/YPL111W",17
"GO:0006631","fatty acid metabolic process","20/784","73/6449",0.273972602739726,2.25363433044451,4.0070867179987,0.000307470548079155,0.00428519763854462,0.00366515390171169,"YAR035W/YCL026C-A/YCR034W/YCR084C/YEL020C/YGL055W/YGL205W/YHR067W/YIL160C/YJL097W/YKR009C/YLR372W/YMR207C/YMR272C/YOL002C/YOR317W/YPL095C/YPR001W/YPR002W/YPR006C",20
"GO:0006098","pentose-phosphate shunt","7/784","13/6449",0.538461538461538,4.42925824175824,4.60399070497701,0.000337892943808223,0.00466714628635108,0.00399183675156895,"YBR117C/YGR043C/YGR248W/YGR256W/YNL241C/YNR034W/YOR095C",7
"GO:1901605","alpha-amino acid metabolic process","38/784","179/6449",0.212290502793296,1.74625185269639,3.76659352997581,0.000347177045014462,0.00475294591714489,0.00406522166356012,"YAL012W/YCL018W/YCL064C/YDL168W/YDL219W/YDR354W/YDR380W/YER052C/YGL062W/YGR019W/YGR087C/YGR124W/YHR205W/YIL074C/YIR017C/YJL200C/YJR078W/YJR148W/YKL001C/YLL062C/YLR027C/YLR044C/YLR058C/YLR134W/YLR142W/YLR174W/YLR231C/YLR303W/YLR438W/YMR009W/YMR250W/YNL037C/YOL058W/YOL086C/YOR375C/YPL111W/YPR035W/YPR167C",38
"GO:0009083","branched-chain amino acid catabolic process","8/784","17/6449",0.470588235294118,3.87094837935174,4.4090742777868,0.0004079867155839,0.0055364513070903,0.00473535827782976,"YDL168W/YDL219W/YDR380W/YGR087C/YJR148W/YLR044C/YLR134W/YOL086C",8
"GO:0000947","amino acid catabolic process to alcohol via Ehrlich pathway","6/784","10/6449",0.6,4.93545918367347,4.63294120323989,0.000431256900089058,0.00580134282119802,0.00496192149576151,"YDL168W/YDR380W/YGR087C/YLR044C/YLR134W/YOL086C",6
"GO:0016053","organic acid biosynthetic process","41/784","200/6449",0.205,1.6862818877551,3.66760757759736,0.000444876180051434,0.0058822517140134,0.00503112333175576,"YAL012W/YBR084W/YCL018W/YCR034W/YCR084C/YDR354W/YEL071W/YER052C/YGL055W/YGL062W/YGL148W/YGR124W/YHR067W/YIL074C/YIR017C/YJL097W/YJL200C/YJR010W/YJR148W/YKL001C/YLL062C/YLR027C/YLR058C/YLR174W/YLR231C/YLR303W/YLR372W/YLR438W/YMR009W/YMR169C/YMR170C/YMR207C/YMR272C/YNL037C/YOL058W/YOR375C/YOR391C/YPL061W/YPL095C/YPR035W/YPR167C",41
"GO:0046394","carboxylic acid biosynthetic process","41/784","200/6449",0.205,1.6862818877551,3.66760757759736,0.000444876180051434,0.0058822517140134,0.00503112333175576,"YAL012W/YBR084W/YCL018W/YCR034W/YCR084C/YDR354W/YEL071W/YER052C/YGL055W/YGL062W/YGL148W/YGR124W/YHR067W/YIL074C/YIR017C/YJL097W/YJL200C/YJR010W/YJR148W/YKL001C/YLL062C/YLR027C/YLR058C/YLR174W/YLR231C/YLR303W/YLR372W/YLR438W/YMR009W/YMR169C/YMR170C/YMR207C/YMR272C/YNL037C/YOL058W/YOR375C/YOR391C/YPL061W/YPL095C/YPR035W/YPR167C",41
"GO:0170039","proteinogenic amino acid metabolic process","36/784","169/6449",0.21301775147929,1.75223402970656,3.68626960496218,0.000460601038130325,0.00603855767786113,0.00516481271123835,"YAL012W/YCL018W/YCL064C/YDL168W/YDR354W/YDR380W/YER052C/YGL062W/YGR019W/YGR087C/YGR124W/YIL074C/YIR017C/YJL200C/YJR078W/YJR148W/YKL001C/YLL062C/YLR027C/YLR044C/YLR058C/YLR134W/YLR142W/YLR174W/YLR231C/YLR303W/YLR438W/YMR009W/YMR250W/YNL037C/YOL058W/YOL086C/YOR375C/YPL111W/YPR035W/YPR167C",36
"GO:0019751","polyol metabolic process","14/784","44/6449",0.318181818181818,2.61728896103896,4.00428501666159,0.000470423950173353,0.00611551135225359,0.00523063162642995,"YAL060W/YAL061W/YDL022W/YEL070W/YER062C/YFL053W/YHL032C/YHR079C/YIL053W/YIL155C/YML070W/YNR073C/YOL059W/YPL201C",14
"GO:0006099","tricarboxylic acid cycle","11/784","30/6449",0.366666666666667,3.01611394557823,4.1173008490778,0.000488483942735594,0.00629737216176637,0.00538617821068984,"YER065C/YFR049W/YJL200C/YLR164W/YLR174W/YMR118C/YNL037C/YNR001C/YOL126C/YPL262W/YPR001W",11
"GO:1901606","alpha-amino acid catabolic process","18/784","65/6449",0.276923076923077,2.27790423861852,3.85193667161431,0.000527322846592967,0.0067418879642919,0.00576637510367429,"YAL012W/YCL064C/YDL168W/YDL219W/YDR380W/YGR019W/YGR087C/YJR078W/YJR148W/YLR027C/YLR044C/YLR134W/YLR142W/YLR231C/YLR438W/YMR250W/YOL086C/YPL111W",18
"GO:0170040","proteinogenic amino acid catabolic process","17/784","60/6449",0.283333333333333,2.33063350340136,3.852017255413,0.00056001848005198,0.00710121793967551,0.00607371207442052,"YAL012W/YCL064C/YDL168W/YDR380W/YGR019W/YGR087C/YJR078W/YJR148W/YLR027C/YLR044C/YLR134W/YLR142W/YLR231C/YLR438W/YMR250W/YOL086C/YPL111W",17
"GO:0006550","L-isoleucine catabolic process","7/784","14/6449",0.5,4.11288265306122,4.33733613249171,0.000605250601165225,0.00758382744131098,0.00648649072481741,"YDL168W/YDR380W/YGR087C/YJR148W/YLR044C/YLR134W/YOL086C",7
"GO:0009152","purine ribonucleotide biosynthetic process","14/784","45/6449",0.311111111111111,2.55912698412698,3.90420552706419,0.000607882742548521,0.00758382744131098,0.00648649072481741,"YDL004W/YDR226W/YDR322C-A/YJL005W/YJL116C/YJR121W/YKL016C/YLR295C/YML022W/YML081C-A/YOL077W-A/YPL078C/YPL271W/YPR020W",14
"GO:0046164","alcohol catabolic process","9/784","22/6449",0.409090909090909,3.36508580705009,4.13356414066528,0.000631214214125558,0.00781190711401791,0.00668156856552275,"YAL060W/YFL053W/YHL032C/YIL155C/YML070W/YMR170C/YOL055C/YOL086C/YPL061W",9
"GO:0006067","ethanol metabolic process","8/784","18/6449",0.444444444444444,3.65589569160998,4.19738301543422,0.000656781135762032,0.00793781575799893,0.00678925894451376,"YDL085W/YGR087C/YLR044C/YLR134W/YMR145C/YMR170C/YOL086C/YPL061W",8
"GO:0006536","glutamate metabolic process","8/784","18/6449",0.444444444444444,3.65589569160998,4.19738301543422,0.000656781135762032,0.00793781575799893,0.00678925894451376,"YGR019W/YLR142W/YLR174W/YLR438W/YMR250W/YNL037C/YOR375C/YPR035W",8
"GO:0006825","copper ion transport","8/784","18/6449",0.444444444444444,3.65589569160998,4.19738301543422,0.000656781135762032,0.00793781575799893,0.00678925894451376,"YER053C/YLL009C/YLR214W/YMR319C/YOL152W/YOR381W/YOR384W/YPR124W",8
"GO:0006094","gluconeogenesis","12/784","36/6449",0.333333333333333,2.74192176870748,3.89870042684918,0.000742188200410276,0.00890050500802091,0.00761265253297199,"YBR196C/YBR239C/YCR012W/YGL062W/YHR174W/YJL052W/YJR009C/YKL060C/YKL152C/YKR097W/YLR377C/YOL126C",12
"GO:0006119","oxidative phosphorylation","13/784","41/6449",0.317073170731707,2.60816948730712,3.84266994155314,0.000773921625999396,0.00913936454519898,0.00781695045304332,"YDL067C/YDR529C/YIL111W/YJL116C/YJR048W/YJR121W/YLR038C/YLR164W/YLR395C/YMR118C/YMR256C/YNL052W/YPL271W",13
"GO:0015695","organic cation transport","13/784","41/6449",0.317073170731707,2.60816948730712,3.84266994155314,0.000773921625999396,0.00913936454519898,0.00781695045304332,"YBR069C/YCL025C/YDL210W/YDR508C/YEL063C/YER119C/YGR055W/YGR191W/YHL036W/YLR237W/YOR273C/YOR317W/YOR348C",13
"GO:0009068","aspartate family amino acid catabolic process","10/784","27/6449",0.37037037037037,3.04657974300831,3.96411268422089,0.000803705052301393,0.00941917966598677,0.00805627791660965,"YAL012W/YCL064C/YDL168W/YDR380W/YGR087C/YJR148W/YLR027C/YLR044C/YLR134W/YOL086C",10
"GO:0000955","amino acid catabolic process via Ehrlich pathway","6/784","11/6449",0.545454545454545,4.48678107606679,4.30542596191056,0.000851490408692881,0.00983026613617826,0.00840788251160213,"YDL168W/YDR380W/YGR087C/YLR044C/YLR134W/YOL086C",6
"GO:0015677","copper ion import","6/784","11/6449",0.545454545454545,4.48678107606679,4.30542596191056,0.000851490408692881,0.00983026613617826,0.00840788251160213,"YLR214W/YMR319C/YOL152W/YOR381W/YOR384W/YPR124W",6
"GO:0072522","purine-containing compound biosynthetic process","24/784","102/6449",0.235294117647059,1.93547418967587,3.54256832281654,0.00094088330490888,0.01075435044396,0.00919825707349214,"YDL004W/YDL238C/YDR226W/YDR322C-A/YJL005W/YJL116C/YJR078W/YJR121W/YKL016C/YKR080W/YLR231C/YLR295C/YML022W/YML081C-A/YMR169C/YMR170C/YMR207C/YMR278W/YNL129W/YNL141W/YOL077W-A/YPL078C/YPL271W/YPR020W",24
"GO:0009063","amino acid catabolic process","18/784","68/6449",0.264705882352941,2.17740846338535,3.63084597459166,0.000947289997736654,0.01075435044396,0.00919825707349214,"YAL012W/YCL064C/YDL168W/YDL219W/YDR380W/YGR019W/YGR087C/YJR078W/YJR148W/YLR027C/YLR044C/YLR134W/YLR142W/YLR231C/YLR438W/YMR250W/YOL086C/YPL111W",18
"GO:1902652","secondary alcohol metabolic process","15/784","52/6449",0.288461538461538,2.37281691522763,3.6974022980861,0.000952389147267305,0.01075435044396,0.00919825707349214,"YAL060W/YAL061W/YGL001C/YGR060W/YGR087C/YGR175C/YLR044C/YLR134W/YLR174W/YML075C/YML087C/YMR015C/YMR134W/YNL037C/YNR019W",15
"GO:0006123","mitochondrial electron transport, cytochrome c to oxygen","7/784","15/6449",0.466666666666667,3.83869047619048,4.09443263932155,0.0010166323951544,0.0113965964877091,0.0097475737658969,"YDL067C/YIL111W/YJR048W/YLR038C/YLR395C/YMR256C/YNL052W",7
"GO:0042430","indole-containing compound metabolic process","10/784","29/6449",0.344827586206897,2.83647079521464,3.68711004632424,0.00152076065171845,0.0169253002029384,0.0144763054843627,"YDL168W/YDR354W/YDR380W/YDR391C/YGR087C/YJR078W/YLR044C/YLR134W/YLR231C/YOL086C",10
"GO:0009066","aspartate family amino acid metabolic process","20/784","82/6449",0.24390243902439,2.00628422100548,3.41138513506624,0.00153328856496642,0.016942838642879,0.0144913062117503,"YAL012W/YCL064C/YDL168W/YDR380W/YER052C/YGL062W/YGR087C/YGR124W/YIR017C/YJL200C/YJR148W/YKL001C/YLL062C/YLR027C/YLR044C/YLR134W/YLR303W/YMR009W/YOL086C/YPR167C",20
"GO:0022900","electron transport chain","13/784","44/6449",0.295454545454545,2.43033974953618,3.54141292359024,0.00161234815920443,0.0176430781129341,0.0150902250113688,"Q0060/YDL067C/YDR529C/YIL111W/YJR048W/YLR038C/YLR164W/YLR395C/YMR118C/YMR256C/YNL052W/YOR356W/YPL252C",13
"GO:0009080","pyruvate family amino acid catabolic process","7/784","16/6449",0.4375,3.59877232142857,3.87161386850828,0.00161946806207927,0.0176430781129341,0.0150902250113688,"YDL168W/YDR380W/YGR087C/YJR148W/YLR044C/YLR134W/YOL086C",7
"GO:0019319","hexose biosynthetic process","12/784","39/6449",0.307692307692308,2.53100470957614,3.56738846774668,0.0016425183749121,0.0177690624195036,0.0151979801050019,"YBR196C/YBR239C/YCR012W/YGL062W/YHR174W/YJL052W/YJR009C/YKL060C/YKL152C/YKR097W/YLR377C/YOL126C",12
"GO:0006164","purine nucleotide biosynthetic process","18/784","72/6449",0.25,2.05644132653061,3.35331236404614,0.0019264854862258,0.0206963406054953,0.0177016977791362,"YDL004W/YDR226W/YDR322C-A/YJL005W/YJL116C/YJR078W/YJR121W/YKL016C/YKR080W/YLR231C/YLR295C/YML022W/YML081C-A/YNL129W/YOL077W-A/YPL078C/YPL271W/YPR020W",18
"GO:0009260","ribonucleotide biosynthetic process","16/784","61/6449",0.262295081967213,2.15757778521245,3.37911705394029,0.00198369079163533,0.0211639286528266,0.0181016284942694,"YDL004W/YDR226W/YDR322C-A/YJL005W/YJL116C/YJR121W/YKL016C/YLR295C/YML022W/YML081C-A/YMR271C/YNR012W/YOL077W-A/YPL078C/YPL271W/YPR020W",16
"GO:0046364","monosaccharide biosynthetic process","12/784","40/6449",0.3,2.46772959183673,3.46378956015176,0.00209214575265069,0.022017343396943,0.018831558976598,"YBR196C/YBR239C/YCR012W/YGL062W/YHR174W/YJL052W/YJR009C/YKL060C/YKL152C/YKR097W/YLR377C/YOL126C",12
"GO:1902653","secondary alcohol biosynthetic process","12/784","40/6449",0.3,2.46772959183673,3.46378956015176,0.00209214575265069,0.022017343396943,0.018831558976598,"YAL060W/YAL061W/YGL001C/YGR060W/YGR087C/YGR175C/YLR044C/YLR134W/YML075C/YML087C/YMR015C/YMR134W",12
"GO:0002181","cytoplasmic translation","36/784","184/6449",0.195652173913043,1.60938886424135,3.11970462156238,0.00230944772048201,0.0241399704296329,0.0206470539448498,"YDL081C/YDL130W/YDL184C/YDL191W/YDR152W/YDR382W/YEL054C/YER056C-A/YER074W/YER131W/YFR032C-A/YGL031C/YGL147C/YHR141C/YIL052C/YIL069C/YJL190C/YJR094W-A/YKL006W/YLR075W/YLR136C/YLR212C/YLR264W/YLR287C-A/YLR325C/YML063W/YML091C/YMR230W/YMR260C/YNL067W/YNL178W/YOL039W/YOL120C/YOR293W/YPL119C/YPL249C-A",36
"GO:0009074","aromatic amino acid family catabolic process","9/784","26/6449",0.346153846153846,2.84738029827316,3.51111140327757,0.00252894726736741,0.0262569222994455,0.0224576949140292,"YDL168W/YDL219W/YDR380W/YGR087C/YJR078W/YLR044C/YLR134W/YLR231C/YOL086C",9
"GO:0006574","L-valine catabolic process","6/784","13/6449",0.461538461538462,3.79650706436421,3.75448322146018,0.00254960744605715,0.0262949514603361,0.0224902214715357,"YDL168W/YGR087C/YJR148W/YLR044C/YLR134W/YOL086C",6
"GO:0031667","response to nutrient levels","35/784","179/6449",0.195530726256983,1.60838986432562,3.07075596314005,0.00266863643578944,0.0273402686501077,0.0233842872066039,"YBL105C/YBR093C/YBR239C/YDR074W/YDR152W/YER037W/YFL033C/YGL071W/YGL180W/YGL209W/YGR023W/YGR121C/YIL024C/YJL056C/YJL083W/YJR066W/YJR138W/YKR034W/YLL040C/YLR053C/YLR136C/YLR173W/YMR230W/YNL036W/YNL142W/YNL217W/YOL052C-A/YOL113W/YOR062C/YOR173W/YOR198C/YOR293W/YOR391C/YPL250C/YPR026W",35
"GO:0170041","non-proteinogenic amino acid metabolic process","11/784","36/6449",0.305555555555556,2.51342828798186,3.38729535295872,0.00270713483151721,0.0275522209497179,0.0235655712134151,"YAL012W/YDL219W/YGR019W/YJR078W/YLR231C/YLR303W/YLR438W/YMR169C/YMR170C/YOL058W/YPL111W",11
"GO:0009636","response to toxic substance","16/784","64/6449",0.25,2.05644132653061,3.15955199499905,0.00336908339177971,0.0340651765168837,0.0291361391363405,"YDL168W/YDR338C/YDR406W/YDR513W/YER132C/YGR088W/YGR234W/YHR008C/YHR055C/YKL071W/YKR066C/YKR076W/YLR364W/YOL002C/YOR153W/YOR391C",16
"GO:1901700","response to oxygen-containing compound","21/784","94/6449",0.223404255319149,1.83767097264438,3.04333810907246,0.00374494153568389,0.0376196399720972,0.0321762919368055,"YBR126C/YDL138W/YDL168W/YDR541C/YER028C/YFL033C/YFL052W/YGR008C/YGR088W/YHR008C/YHR055C/YHR141C/YJL084C/YKL071W/YKR066C/YKR071C/YNL036W/YNL241C/YOL052C-A/YOR153W/YOR391C",21
"GO:0019344","cysteine biosynthetic process","5/784","10/6449",0.5,4.11288265306122,3.66457931111264,0.00390479163937021,0.0389723397813272,0.0333332637737749,"YAL012W/YIR017C/YKL001C/YLR303W/YPR167C",5
"GO:0006559","L-phenylalanine catabolic process","6/784","14/6449",0.428571428571429,3.52532798833819,3.51866663506908,0.0040078750797261,0.0397447612072838,0.0339939202106323,"YDL168W/YDR380W/YGR087C/YLR044C/YLR134W/YOL086C",6
"GO:0022904","respiratory electron transport chain","12/784","43/6449",0.27906976744186,2.29556241101092,3.17080612411673,0.00407457180845825,0.0401488062909867,0.0343395022677306,"Q0060/YDL067C/YDR529C/YIL111W/YJR048W/YLR038C/YLR164W/YLR395C/YMR118C/YMR256C/YNL052W/YOR356W",12
"GO:0015850","organic hydroxy compound transport","14/784","54/6449",0.259259259259259,2.13260582010582,3.10903766306866,0.00416786510177337,0.0408081475471101,0.0349034405924658,"YDL245C/YDR536W/YEL069C/YFL042C/YHR080C/YJL079C/YJR120W/YJR150C/YKL217W/YKR013W/YNR072W/YOL113W/YPL006W/YPR115W",14
"GO:0006569","L-tryptophan catabolic process","8/784","23/6449",0.347826086956522,2.86113575865129,3.32615282388114,0.00422347408673562,0.040835715076125,0.0349270192567544,"YDL168W/YDR380W/YGR087C/YJR078W/YLR044C/YLR134W/YLR231C/YOL086C",8
"GO:0042436","indole-containing compound catabolic process","8/784","23/6449",0.347826086956522,2.86113575865129,3.32615282388114,0.00422347408673562,0.040835715076125,0.0349270192567544,"YDL168W/YDR380W/YGR087C/YJR078W/YLR044C/YLR134W/YLR231C/YOL086C",8
"GO:0006979","response to oxidative stress","25/784","120/6449",0.208333333333333,1.71370110544218,2.93568891695648,0.00444175447166525,0.0424421431004957,0.0363010062785854,"YCL026C-A/YCL026C-B/YDL166C/YDR513W/YFL033C/YGR023W/YGR043C/YGR088W/YGR234W/YHR008C/YHR055C/YHR205W/YIL008W/YJR066W/YJR096W/YJR138W/YKR066C/YKR071C/YLR027C/YMR176W/YMR250W/YNL036W/YNL241C/YOL052C-A/YOR173W",25
"GO:0006568","L-tryptophan metabolic process","9/784","28/6449",0.321428571428571,2.64399599125364,3.24301549387036,0.00446946653455267,0.0424421431004957,0.0363010062785854,"YDL168W/YDR354W/YDR380W/YGR087C/YJR078W/YLR044C/YLR134W/YLR231C/YOL086C",9
"GO:0015718","monocarboxylic acid transport","10/784","33/6449",0.303030303030303,2.49265615337044,3.19782841038507,0.00447192587290291,0.0424421431004957,0.0363010062785854,"YAL067C/YAR035W/YGL080W/YGR243W/YJL079C/YJL193W/YKL217W/YKR013W/YNL065W/YOR317W",10
"GO:0006081","aldehyde metabolic process","13/784","49/6449",0.26530612244898,2.18234589754269,3.0904604526404,0.00458712776025291,0.0432700405189711,0.0370091116472266,"YBR117C/YCL018W/YCR107W/YDL168W/YDL243C/YER065C/YGR043C/YJL200C/YLR174W/YNL334C/YOL126C/YOR095C/YOR391C",13
"GO:0045787","positive regulation of cell cycle","19/784","84/6449",0.226190476190476,1.86058977162293,2.95329756778664,0.0049248147855962,0.0461738695352565,0.0394927731132021,"YBL046W/YBR233W-A/YDR201W/YDR523C/YFL033C/YGL116W/YGR108W/YGR109C/YGR225W/YHL027W/YHR152W/YIL072W/YKR083C/YML064C/YMR001C/YMR199W/YPL017C/YPL256C/YPR119W",19
"GO:1901293","nucleoside phosphate biosynthetic process","29/784","147/6449",0.197278911564626,1.6227700263779,2.84130436556576,0.00523296637113207,0.0487674637116946,0.0417110889569626,"YDL004W/YDL055C/YDL166C/YDR226W/YDR322C-A/YER003C/YFL045C/YJL005W/YJL116C/YJR078W/YJR121W/YKL016C/YKR080W/YLR231C/YLR295C/YLR446W/YML022W/YML081C-A/YMR169C/YMR170C/YMR207C/YMR271C/YNL129W/YNL141W/YNR012W/YOL077W-A/YPL078C/YPL271W/YPR020W",29
"GO:0034599","cellular response to oxidative stress","23/784","109/6449",0.211009174311927,1.73571194532859,2.88168838580585,0.00527976504309275,0.0489089612075717,0.0418321125696034,"YCL026C-A/YCL026C-B/YDL166C/YDR513W/YFL033C/YGR023W/YGR043C/YGR088W/YGR234W/YHR008C/YHR055C/YHR205W/YIL008W/YJR066W/YJR096W/YJR138W/YKR066C/YKR071C/YLR027C/YMR176W/YMR250W/YNL036W/YOL052C-A",23
